Index,Category,SubCategory,Food Item,Calories (kcal),Protein (g),Fat (g),Carbs (g),
1,Meat,Poultry,Chicken Breast,165,31,3.6,0,
2,Meat,Poultry,Chicken Thigh,209,26,11,0,
3,Meat,Poultry,Chicken Wing,203,30,8.1,0,
4,Meat,Poultry,Chicken Drumstick,172,28,5.7,0,
5,Meat,Poultry,Turkey Breast,135,30,0.7,0,
6,Meat,Poultry,Turkey Thigh,144,28,3.2,0,
7,Meat,Poultry,Duck,337,19,28,0,
8,Meat,Poultry,Goose,371,22,31,0,
9,Meat,Poultry,Quail,227,25,14,0,
10,Meat,Poultry,Chicken Liver,119,17,4.8,0.9,
11,Meat,Beef,Beef Sirloin,271,25,19,0,
12,Meat,Beef,Beef Ribeye,291,25,21,0,
13,Meat,Beef,Beef Tenderloin,247,26,16,0,
14,Meat,Beef,Ground Beef 80/20,254,26,17,0,
15,Meat,Beef,Ground Beef 90/10,176,26,8,0,
16,Meat,Beef,Beef Chuck,277,26,19,0,
17,Meat,Beef,Beef Brisket,291,29,19,0,
18,Meat,Beef,Beef Short Ribs,338,23,27,0,
19,Meat,Beef,Beef Liver,175,27,5,5,
20,Meat,Beef,Beef Stew Meat,234,26,14,0,
21,Meat,Pork,Pork Chop,231,25,14,0,
22,Meat,Pork,Pork Tenderloin,143,26,3.5,0,
23,Meat,Pork,Pork Ribs,277,27,19,0,
24,Meat,Pork,Pork Shoulder,242,20,18,0,
25,Meat,Pork,Ground Pork,263,17,21,0,
26,Meat,Pork,Bacon,541,37,42,1.4,
27,Meat,Pork,Ham,145,21,6,0,
28,Meat,Pork,Pork Sausage,346,13,32,1.2,
29,Meat,Pork,Prosciutto,237,27,14,0,
30,Meat,Pork,Pork Belly,518,9,53,0,
31,Meat,Lamb,Lamb Chop,294,25,21,0,
32,Meat,Lamb,Lamb Leg,242,25,16,0,
33,Meat,Lamb,Lamb Shoulder,294,19,25,0,
34,Meat,Lamb,Ground Lamb,283,17,23,0,
35,Meat,Lamb,Lamb Shank,234,28,13,0,
36,Seafood,Fish,Salmon,208,20,13,0,
37,Seafood,Fish,Tuna,144,23,4.9,0,
38,Seafood,Fish,Cod,82,18,0.7,0,
39,Seafood,Fish,Tilapia,96,20,1.7,0,
40,Seafood,Fish,Halibut,111,23,2.3,0,
41,Seafood,Fish,Mackerel,262,24,18,0,
42,Seafood,Fish,Trout,148,20,6.6,0,
43,Seafood,Fish,Sardines,208,25,11,0,
44,Seafood,Fish,Haddock,87,19,0.6,0,
45,Seafood,Fish,Sea Bass,97,18,2,0,
46,Seafood,Fish,Swordfish,144,24,4.7,0,
47,Seafood,Fish,Catfish,105,18,2.9,0,
48,Seafood,Fish,Mahi Mahi,85,18,0.7,0,
49,Seafood,Fish,Anchovies,210,29,9.7,0,
50,Seafood,Fish,Herring,203,23,12,0,
51,Seafood,Shellfish,Shrimp,99,24,0.3,0.2,
52,Seafood,Shellfish,Crab,97,19,1.5,0,
53,Seafood,Shellfish,Lobster,89,19,0.9,0.5,
54,Seafood,Shellfish,Scallops,69,12,0.4,3.2,
55,Seafood,Shellfish,Mussels,86,12,2.2,3.7,
56,Seafood,Shellfish,Oysters,68,7,2.5,3.9,
57,Seafood,Shellfish,Clams,74,13,1,2.6,
58,Seafood,Shellfish,Squid,92,16,1.4,3.1,
59,Seafood,Shellfish,Octopus,82,15,1,2.2,
60,Seafood,Shellfish,Crawfish,87,18,1.3,0,
61,Dairy,Milk,Whole Milk,61,3.2,3.3,4.8,
62,Dairy,Milk,2% Milk,50,3.3,2,4.8,
63,Dairy,Milk,Skim Milk,34,3.4,0.1,5,
64,Dairy,Milk,Almond Milk,17,0.6,1.1,0.6,
65,Dairy,Milk,Soy Milk,54,3.3,1.8,6,
66,Dairy,Milk,Oat Milk,47,1,1.5,7.6,
67,Dairy,Milk,Coconut Milk,230,2.3,24,6,
68,Dairy,Milk,Buttermilk,40,3.3,0.9,4.8,
69,Dairy,Milk,Goat Milk,69,3.6,4.1,4.5,
70,Dairy,Cheese,Cheddar,403,25,33,1.3,
71,Dairy,Cheese,Mozzarella,280,28,17,3.1,
72,Dairy,Cheese,Parmesan,431,38,29,4.1,
73,Dairy,Cheese,Swiss,380,27,28,5.4,
74,Dairy,Cheese,Gouda,356,25,27,2.2,
75,Dairy,Cheese,Brie,334,21,28,0.5,
76,Dairy,Cheese,Feta,264,14,21,4.1,
77,Dairy,Cheese,Blue Cheese,353,21,29,2.3,
78,Dairy,Cheese,Cream Cheese,342,6,34,4.1,
79,Dairy,Cheese,Cottage Cheese,98,11,4.3,3.4,
80,Dairy,Cheese,Ricotta,174,11,13,3,
81,Dairy,Cheese,Provolone,351,25,27,2.1,
82,Dairy,Cheese,Monterey Jack,373,25,30,0.7,
83,Dairy,Cheese,Goat Cheese,364,22,30,2.2,
84,Dairy,Cheese,Pepper Jack,377,23,31,0.8,
85,Dairy,Yogurt,Plain Greek Yogurt,59,10,0.4,3.6,
86,Dairy,Yogurt,Whole Milk Yogurt,61,3.5,3.3,4.7,
87,Dairy,Yogurt,Low,fat Yogurt,63,5.3,1.6,7
88,Dairy,Yogurt,Kefir,41,3.3,1,4.5,
89,Dairy,Yogurt,Skyr,66,11,0.2,4,
90,Eggs,Whole Egg,155,13,11,1.1,,
91,Eggs,Egg White,52,11,0.2,0.7,,
92,Eggs,Egg Yolk,322,16,27,3.6,,
93,Eggs,Duck Egg,185,13,14,1.5,,
94,Eggs,Quail Egg,158,13,11,0.4,,
95,Grains,Rice,White Rice (cooked),130,2.7,0.3,28,
96,Grains,Rice,Brown Rice (cooked),112,2.6,0.9,24,
97,Grains,Rice,Basmati Rice (cooked),121,3.5,0.4,25,
98,Grains,Rice,Jasmine Rice (cooked),129,2.7,0.2,28,
99,Grains,Rice,Wild Rice (cooked),101,4,0.3,21,
100,Grains,Rice,Black Rice (cooked),356,8.9,3.5,75,
101,Grains,Rice,Arborio Rice (dry),349,7.1,0.6,77,
102,Grains,Pasta,Spaghetti (cooked),158,5.8,0.9,31,
103,Grains,Pasta,Penne (cooked),157,5.8,0.9,31,
104,Grains,Pasta,Fettuccine (cooked),159,5.8,0.9,31,
105,Grains,Pasta,Whole Wheat Pasta (cooked),124,5.3,0.5,26,
106,Grains,Pasta,Egg Noodles (cooked),138,4.5,2.1,25,
107,Grains,Pasta,Macaroni (cooked),158,5.5,0.9,31,
108,Grains,Pasta,Lasagna Noodles (cooked),135,4.8,0.8,27,
109,Grains,Bread,White Bread,265,9,3.2,49,
110,Grains,Bread,Whole Wheat Bread,247,13,3.4,41,
111,Grains,Bread,Sourdough,289,12,1.5,56,
112,Grains,Bread,Rye Bread,259,8.5,3.3,48,
113,Grains,Bread,Multigrain Bread,265,13,4.2,43,
114,Grains,Bread,Pita Bread,275,9.1,1.2,56,
115,Grains,Bread,Naan,262,8.7,5.4,45,
116,Grains,Bread,Bagel,257,10,1.5,50,
117,Grains,Bread,Baguette,272,9,0.8,55,
118,Grains,Bread,Ciabatta,271,9,2.7,51,
119,Grains,Other,Quinoa (cooked),120,4.4,1.9,21,
120,Grains,Other,Oats (dry),389,17,6.9,66,
121,Grains,Other,Barley (cooked),123,2.3,0.4,28,
122,Grains,Other,Bulgur (cooked),83,3.1,0.2,19,
123,Grains,Other,Couscous (cooked),112,3.8,0.2,23,
124,Grains,Other,Farro (cooked),123,5,0.8,26,
125,Grains,Other,Millet (cooked),119,3.5,1,23,
126,Grains,Other,Buckwheat (cooked),92,3.4,0.6,20,
127,Grains,Other,Cornmeal,362,8.1,3.6,77,
128,Grains,Other,Polenta (cooked),70,1.6,0.2,16,
129,Vegetables,Leafy Greens,Spinach,23,2.9,0.4,3.6,
130,Vegetables,Leafy Greens,Kale,35,2.9,1.5,4.4,
131,Vegetables,Leafy Greens,Lettuce,15,1.4,0.2,2.9,
132,Vegetables,Leafy Greens,Arugula,25,2.6,0.7,3.7,
133,Vegetables,Leafy Greens,Swiss Chard,19,1.8,0.2,3.7,
134,Vegetables,Leafy Greens,Collard Greens,32,3,0.6,5.4,
135,Vegetables,Leafy Greens,Romaine,17,1.2,0.3,3.3,
136,Vegetables,Leafy Greens,Watercress,11,2.3,0.1,1.3,
137,Vegetables,Leafy Greens,Bok Choy,13,1.5,0.2,2.2,
138,Vegetables,Leafy Greens,Mustard Greens,27,2.9,0.4,4.7,
139,Vegetables,Cruciferous,Broccoli,34,2.8,0.4,7,
140,Vegetables,Cruciferous,Cauliflower,25,1.9,0.3,5,
141,Vegetables,Cruciferous,Brussels Sprouts,43,3.4,0.3,9,
142,Vegetables,Cruciferous,Cabbage,25,1.3,0.1,6,
143,Vegetables,Cruciferous,Red Cabbage,31,1.4,0.2,7.4,
144,Vegetables,Cruciferous,Kohlrabi,27,1.7,0.1,6.2,
145,Vegetables,Cruciferous,Radish,16,0.7,0.1,3.4,
146,Vegetables,Cruciferous,Turnip,28,0.9,0.1,6.4,
147,Vegetables,Root Vegetables,Carrot,41,0.9,0.2,10,
148,Vegetables,Root Vegetables,Sweet Potato,86,1.6,0.1,20,
149,Vegetables,Root Vegetables,Potato,77,2,0.1,17,
150,Vegetables,Root Vegetables,Beet,43,1.6,0.2,10,
151,Vegetables,Root Vegetables,Parsnip,75,1.2,0.3,18,
152,Vegetables,Root Vegetables,Rutabaga,37,1.2,0.2,8.6,
153,Vegetables,Root Vegetables,Yam,118,1.5,0.2,28,
154,Vegetables,Root Vegetables,Jicama,38,0.7,0.1,8.8,
155,Vegetables,Root Vegetables,Ginger Root,80,1.8,0.8,18,
156,Vegetables,Root Vegetables,Celery Root,42,1.5,0.3,9.2,
157,Vegetables,Nightshades,Tomato,18,0.9,0.2,3.9,
158,Vegetables,Nightshades,Bell Pepper,26,1,0.3,6,
159,Vegetables,Nightshades,Eggplant,25,1,0.2,6,
160,Vegetables,Nightshades,Jalapeño,29,0.9,0.4,6.5,
161,Vegetables,Nightshades,Cherry Tomato,27,1.3,0.3,5.8,
162,Vegetables,Nightshades,Hot Pepper,40,2,0.2,9.5,
163,Vegetables,Squash,Zucchini,17,1.2,0.3,3.1,
164,Vegetables,Squash,Yellow Squash,16,1.2,0.2,3.4,
165,Vegetables,Squash,Butternut Squash,45,1,0.1,12,
166,Vegetables,Squash,Acorn Squash,40,0.8,0.1,11,
167,Vegetables,Squash,Pumpkin,26,1,0.1,6.5,
168,Vegetables,Squash,Spaghetti Squash,31,0.6,0.6,7,
169,Vegetables,Other,Cucumber,15,0.7,0.1,3.6,
170,Vegetables,Other,Celery,14,0.7,0.2,3,
171,Vegetables,Other,Asparagus,20,2.2,0.1,3.9,
172,Vegetables,Other,Green Beans,31,1.8,0.2,7,
173,Vegetables,Other,Peas,81,5.4,0.4,14,
174,Vegetables,Other,Corn,86,3.3,1.4,19,
175,Vegetables,Other,Onion,40,1.1,0.1,9.3,
176,Vegetables,Other,Garlic,149,6.4,0.5,33,
177,Vegetables,Other,Mushroom,22,3.1,0.3,3.3,
178,Vegetables,Other,Okra,33,1.9,0.2,7.5,
179,Vegetables,Other,Leek,61,1.5,0.3,14,
180,Vegetables,Other,Artichoke,47,3.3,0.2,11,
181,Vegetables,Other,Fennel,31,1.2,0.2,7.3,
182,Vegetables,Other,Bamboo Shoots,27,2.6,0.3,5.2,
183,Vegetables,Other,Water Chestnuts,97,1.4,0.1,24,
184,Fruits,Berries,Strawberry,32,0.7,0.3,7.7,
185,Fruits,Berries,Blueberry,57,0.7,0.3,14,
186,Fruits,Berries,Raspberry,52,1.2,0.7,12,
187,Fruits,Berries,Blackberry,43,1.4,0.5,10,
188,Fruits,Berries,Cranberry,46,0.4,0.1,12,
189,Fruits,Berries,Goji Berry,349,14,0.4,77,
190,Fruits,Berries,Acai Berry,70,2,5,4,
191,Fruits,Berries,Mulberry,43,1.4,0.4,10,
192,Fruits,Citrus,Orange,47,0.9,0.1,12,
193,Fruits,Citrus,Grapefruit,42,0.8,0.1,11,
194,Fruits,Citrus,Lemon,29,1.1,0.3,9.3,
195,Fruits,Citrus,Lime,30,0.7,0.2,11,
196,Fruits,Citrus,Tangerine,53,0.8,0.3,13,
197,Fruits,Citrus,Clementine,47,0.9,0.2,12,
198,Fruits,Citrus,Blood Orange,50,1,0.1,13,
199,Fruits,Citrus,Pomelo,38,0.8,0,10,
200,Fruits,Tropical,Banana,89,1.1,0.3,23,
201,Fruits,Tropical,Mango,60,0.8,0.4,15,
202,Fruits,Tropical,Pineapple,50,0.5,0.1,13,
203,Fruits,Tropical,Papaya,43,0.5,0.3,11,
204,Fruits,Tropical,Kiwi,61,1.1,0.5,15,
205,Fruits,Tropical,Coconut,354,3.3,33,15,
206,Fruits,Tropical,Passionfruit,97,2.2,0.7,23,
207,Fruits,Tropical,Dragon Fruit,60,1.2,0,13,
208,Fruits,Tropical,Lychee,66,0.8,0.4,17,
209,Fruits,Tropical,Guava,68,2.6,1,14,
210,Fruits,Tropical,Starfruit,31,1,0.3,6.7,
211,Fruits,Tropical,Jackfruit,95,1.7,0.6,23,
212,Fruits,Stone Fruits,Peach,39,0.9,0.3,10,
213,Fruits,Stone Fruits,Plum,46,0.7,0.3,11,
214,Fruits,Stone Fruits,Nectarine,44,1.1,0.3,11,
215,Fruits,Stone Fruits,Apricot,48,1.4,0.4,11,
216,Fruits,Stone Fruits,Cherry,63,1.1,0.2,16,
217,Fruits,Stone Fruits,Sweet Cherry,63,1.1,0.2,16,
218,Fruits,Pome Fruits,Apple,52,0.3,0.2,14,
219,Fruits,Pome Fruits,Pear,57,0.4,0.1,15,
220,Fruits,Pome Fruits,Green Apple,58,0.4,0.2,14,
221,Fruits,Pome Fruits,Asian Pear,42,0.5,0.2,11,
222,Fruits,Melons,Watermelon,30,0.6,0.2,8,
223,Fruits,Melons,Cantaloupe,34,0.8,0.2,8,
224,Fruits,Melons,Honeydew,36,0.5,0.1,9,
225,Fruits,Other,Grapes,69,0.7,0.2,18,
226,Fruits,Other,Avocado,160,2,15,8.5,
227,Fruits,Other,Pomegranate,83,1.7,1.2,19,
228,Fruits,Other,Fig,74,0.8,0.3,19,
229,Fruits,Other,Date,282,2.5,0.4,75,
230,Fruits,Other,Persimmon,70,0.6,0.2,19,
231,Legumes,Beans,Black Beans (cooked),132,8.9,0.5,24,
232,Legumes,Beans,Kidney Beans (cooked),127,8.7,0.5,23,
233,Legumes,Beans,Pinto Beans (cooked),143,9,0.7,26,
234,Legumes,Beans,Navy Beans (cooked),140,8.2,0.6,26,
235,Legumes,Beans,Chickpeas (cooked),164,8.9,2.6,27,
236,Legumes,Beans,Lentils (cooked),116,9,0.4,20,
237,Legumes,Beans,Lima Beans (cooked),115,7.8,0.4,21,
238,Legumes,Beans,Cannellini Beans (cooked),114,8.3,0.4,20,
239,Legumes,Beans,Great Northern Beans (cooked),118,8.3,0.5,21,
240,Legumes,Beans,Adzuki Beans (cooked),128,7.5,0.1,25,
241,Legumes,Beans,Mung Beans (cooked),105,7,0.4,19,
242,Legumes,Beans,Edamame,122,11,5,9,
243,Legumes,Beans,Soybeans (cooked),173,17,9,10,
244,Legumes,Peanuts & Peas,Peanuts,567,26,49,16,
245,Legumes,Peanuts & Peas,Peanut Butter,588,25,50,20,
246,Legumes,Peanuts & Peas,Split Peas (cooked),116,8.3,0.4,21,
247,Legumes,Peanuts & Peas,Black,eyed Peas (cooked),116,7.7,0.5,21
248,Nuts,Tree Nuts,Almonds,579,21,50,22,
249,Nuts,Tree Nuts,Walnuts,654,15,65,14,
250,Nuts,Tree Nuts,Cashews,553,18,44,30,
251,Nuts,Tree Nuts,Pistachios,560,20,45,28,
252,Nuts,Tree Nuts,Pecans,691,9,72,14,
253,Nuts,Tree Nuts,Hazelnuts,628,15,61,17,
254,Nuts,Tree Nuts,Macadamia,718,7.9,76,14,
255,Nuts,Tree Nuts,Brazil Nuts,656,14,66,12,
256,Nuts,Tree Nuts,Pine Nuts,673,14,68,13,
257,Nuts,Tree Nuts,Chestnuts,213,2.4,2.3,45,
258,Seeds,Chia Seeds,486,17,31,42,,
259,Seeds,Flax Seeds,534,18,42,29,,
260,Seeds,Sunflower Seeds,584,21,51,20,,
261,Seeds,Pumpkin Seeds,559,30,49,11,,
262,Seeds,Sesame Seeds,573,18,50,23,,
263,Seeds,Hemp Seeds,553,32,49,4.7,,
264,Seeds,Poppy Seeds,525,18,42,28,,
265,Oils & Fats,Olive Oil,884,0,100,0,,
266,Oils & Fats,Coconut Oil,862,0,100,0,,
267,Oils & Fats,Avocado Oil,884,0,100,0,,
268,Oils & Fats,Canola Oil,884,0,100,0,,
269,Oils & Fats,Vegetable Oil,884,0,100,0,,
270,Oils & Fats,Butter,717,0.9,81,0.1,,
271,Oils & Fats,Ghee,876,0,99,0,,
272,Oils & Fats,Margarine,717,0.2,80,0.9,,
273,Oils & Fats,Lard,902,0,100,0,,
274,Oils & Fats,Sesame Oil,884,0,100,0,,
275,Oils & Fats,Peanut Oil,884,0,100,0,,
276,Oils & Fats,Sunflower Oil,884,0,100,0,,
277,Condiments & Sauces,Ketchup,112,1.2,0.1,27,,
278,Condiments & Sauces,Mayonnaise,680,0.9,75,0.6,,
279,Condiments & Sauces,Mustard,66,4.4,3.3,6.4,,
280,Condiments & Sauces,Soy Sauce,53,4.9,0.1,4.9,,
281,Condiments & Sauces,Hot Sauce,12,0.7,0.4,1.3,,
282,Condiments & Sauces,BBQ Sauce,172,0.8,0.5,41,,
283,Condiments & Sauces,Ranch Dressing,489,0.9,52,5,,
284,Condiments & Sauces,Vinegar,18,0,0,0.04,,
285,Condiments & Sauces,Salsa,36,1.5,0.2,7.9,,
286,Condiments & Sauces,Worcestershire Sauce,78,0,0,19,,
287,Condiments & Sauces,Fish Sauce,35,5.1,0.1,3.5,,
288,Condiments & Sauces,Teriyaki Sauce,89,5.7,0,15,,
289,Condiments & Sauces,Sriracha,93,1.8,1,18,,
290,Condiments & Sauces,Hummus,166,8,10,14,,
291,Condiments & Sauces,Pesto,425,4.2,44,3.8,,
292,Sweeteners,White Sugar,387,0,0,100,,
293,Sweeteners,Brown Sugar,380,0,0,98,,
294,Sweeteners,Honey,304,0.3,0,82,,
295,Sweeteners,Maple Syrup,260,0,0.2,67,,
296,Sweeteners,Agave Nectar,310,0.1,0.5,76,,
297,Sweeteners,Molasses,290,0,0.1,75,,
298,Sweeteners,Corn Syrup,286,0,0,76,,
299,Baking Ingredients,All,Purpose Flour,364,10,1,76,
300,Baking Ingredients,Whole Wheat Flour,340,13,2.5,72,,
301,Baking Ingredients,Almond Flour,571,21,50,21,,
302,Baking Ingredients,Coconut Flour,400,19,9,65,,
303,Baking Ingredients,Baking Powder,53,0,0,28,,
304,Baking Ingredients,Baking Soda,0,0,0,0,,
305,Baking Ingredients,Cocoa Powder,228,20,14,58,,
306,Baking Ingredients,Vanilla Extract,288,0.1,0.1,13,,
307,Baking Ingredients,Yeast,325,41,7,41,,
308,Snacks,Chips & Crackers,Potato Chips,536,6.6,35,53,
309,Snacks,Chips & Crackers,Tortilla Chips,489,6.9,23,63,
310,Snacks,Chips & Crackers,Pretzels,380,10,3,80,
311,Snacks,Chips & Crackers,Popcorn (air,popped),382,12,4.5,78
312,Snacks,Chips & Crackers,Rice Cakes,387,8.2,3.5,82,
313,Snacks,Chips & Crackers,Crackers,502,8.8,23,66,
314,Snacks,Chips & Crackers,Pita Chips,456,11,16,69,
315,Snacks,Sweets,Milk Chocolate,535,7.7,30,59,
316,Snacks,Sweets,Dark Chocolate 70%,598,7.8,43,46,
317,Snacks,Sweets,Dark Chocolate 85%,598,9.7,46,32,
318,Snacks,Sweets,White Chocolate,539,5.9,32,59,
319,Snacks,Sweets,Gummy Bears,325,6.9,0,77,
320,Snacks,Sweets,Jelly Beans,375,0,0,93,
321,Snacks,Sweets,Hard Candy,394,0,0.2,98,
322,Snacks,Sweets,Caramel,382,4.6,8.1,77,
323,Beverages,Coffee & Tea,Black Coffee,2,0.3,0,0,
324,Beverages,Coffee & Tea,Espresso,9,0.5,0.2,1.6,
325,Beverages,Coffee & Tea,Green Tea,1,0,0,0,
326,Beverages,Coffee & Tea,Black Tea,1,0,0,0.3,
327,Beverages,Coffee & Tea,Herbal Tea,1,0,0,0.2,
328,Beverages,Coffee & Tea,Chai Tea,41,0.3,0.1,10,
329,Beverages,Coffee & Tea,Matcha Powder,324,29,5.3,39,
330,Beverages,Juices,Orange Juice,45,0.7,0.2,10,
331,Beverages,Juices,Apple Juice,46,0.1,0.1,11,
332,Beverages,Juices,Grape Juice,60,0.4,0.1,15,
333,Beverages,Juices,Cranberry Juice,46,0,0.1,12,
334,Beverages,Juices,Tomato Juice,17,0.8,0.1,4.2,
335,Beverages,Juices,Carrot Juice,40,0.9,0.1,9.2,
336,Beverages,Juices,Pineapple Juice,53,0.4,0.1,13,
337,Beverages,Juices,Grapefruit Juice,39,0.5,0.1,9.2,
338,Beverages,Soft Drinks,Cola,41,0,0,11,
339,Beverages,Soft Drinks,Lemon,Lime Soda,43,0,0,11
340,Beverages,Soft Drinks,Root Beer,43,0,0,11,
341,Beverages,Soft Drinks,Ginger Ale,34,0,0,8.8,
342,Beverages,Soft Drinks,Energy Drink,45,0.4,0,11,
343,Beverages,Soft Drinks,Sports Drink,27,0,0,6.7,
344,Beverages,Alcoholic,Beer (Regular),43,0.5,0,3.6,
345,Beverages,Alcoholic,Light Beer,29,0.2,0,1.6,
346,Beverages,Alcoholic,Red Wine,85,0.1,0,2.6,
347,Beverages,Alcoholic,White Wine,82,0.1,0,2.6,
348,Beverages,Alcoholic,Champagne,76,0.2,0,1.5,
349,Beverages,Alcoholic,Vodka,231,0,0,0,
350,Beverages,Alcoholic,Rum,231,0,0,0,
351,Beverages,Alcoholic,Whiskey,250,0,0,0,
352,Beverages,Alcoholic,Tequila,231,0,0,0,
353,Beverages,Alcoholic,Gin,263,0,0,0,
354,Prepared Foods,Pizza & Burgers,Cheese Pizza,266,11,10,33,
355,Prepared Foods,Pizza & Burgers,Pepperoni Pizza,298,12,13,34,
356,Prepared Foods,Pizza & Burgers,Veggie Pizza,218,9,8,29,
357,Prepared Foods,Pizza & Burgers,Hamburger,254,13,14,18,
358,Prepared Foods,Pizza & Burgers,Cheeseburger,303,15,17,21,
359,Prepared Foods,Pizza & Burgers,Veggie Burger,124,11,4.4,10,
360,Prepared Foods,Sandwiches,BLT Sandwich,256,10,13,25,
361,Prepared Foods,Sandwiches,Turkey Sandwich,220,16,7,24,
362,Prepared Foods,Sandwiches,Ham Sandwich,234,14,9,24,
363,Prepared Foods,Sandwiches,Chicken Salad Sandwich,286,13,15,24,
364,Prepared Foods,Sandwiches,Tuna Sandwich,287,15,14,25,
365,Prepared Foods,Sandwiches,Grilled Cheese,393,14,23,33,
366,Prepared Foods,Sandwiches,Club Sandwich,258,15,11,24,
367,Prepared Foods,Mexican,Beef Taco,226,9.3,12,21,
368,Prepared Foods,Mexican,Chicken Taco,180,11,7,18,
369,Prepared Foods,Mexican,Beef Burrito,206,10,7,26,
370,Prepared Foods,Mexican,Bean Burrito,194,7,5,32,
371,Prepared Foods,Mexican,Quesadilla,337,14,19,28,
372,Prepared Foods,Mexican,Nachos,346,9,19,36,
373,Prepared Foods,Mexican,Enchiladas,186,8,9,19,
374,Prepared Foods,Asian,Fried Rice,163,3.4,5.5,25,
375,Prepared Foods,Asian,Lo Mein,157,5.3,3.9,26,
376,Prepared Foods,Asian,Pad Thai,190,5.1,6.4,28,
377,Prepared Foods,Asian,Spring Roll,138,3.8,3.6,23,
378,Prepared Foods,Asian,Egg Roll,222,6.5,10,26,
379,Prepared Foods,Asian,Sushi Roll,140,6,0.4,28,
380,Prepared Foods,Asian,Ramen,436,12,17,58,
381,Prepared Foods,Asian,Dumplings,206,7,8,26,
382,Prepared Foods,Asian,General Tso Chicken,295,13,17,23,
383,Prepared Foods,Asian,Orange Chicken,420,15,21,43,
384,Prepared Foods,Italian,Lasagna,135,8,5,14,
385,Prepared Foods,Italian,Spaghetti Bolognese,151,7.6,5.4,18,
386,Prepared Foods,Italian,Fettuccine Alfredo,240,8,13,23,
387,Prepared Foods,Italian,Chicken Parmesan,195,15,9,13,
388,Prepared Foods,Italian,Ravioli,176,7,5,26,
389,Prepared Foods,Italian,Risotto,138,2.6,4.5,21,
390,Prepared Foods,Italian,Carbonara,195,7,11,17,
391,Prepared Foods,Fast Food,French Fries,312,3.4,15,41,
392,Prepared Foods,Fast Food,Onion Rings,411,5.3,22,48,
393,Prepared Foods,Fast Food,Chicken Nuggets,296,15,18,18,
394,Prepared Foods,Fast Food,Hot Dog,290,10,26,2,
395,Prepared Foods,Fast Food,Fish Sandwich,282,15,13,26,
396,Prepared Foods,Fast Food,Fried Chicken,246,19,15,8.9,
397,Prepared Foods,Fast Food,Chicken Tenders,259,18,13,17,
398,Soups,Chicken Noodle Soup,38,2.6,1.2,5,,
399,Soups,Tomato Soup,74,2,2.5,13,,
400,Soups,Vegetable Soup,31,1.2,0.6,6.2,,
401,Soups,Minestrone,36,1.8,1,6,,
402,Soups,Lentil Soup,80,5.5,0.5,14,,
403,Soups,Split Pea Soup,118,8.6,1.8,19,,
404,Soups,Clam Chowder,78,3.8,2.9,9.6,,
405,Soups,French Onion Soup,57,3.8,1.7,7.7,,
406,Soups,Broccoli Cheese Soup,116,4.3,7.8,8.4,,
407,Soups,Butternut Squash Soup,45,1,1.5,8,,
408,Soups,Miso Soup,40,2.2,1.2,5.4,,
409,Soups,Pho,36,2.4,0.5,6.2,,
410,Breakfast Foods,Pancakes,227,6.4,8.8,28,,
411,Breakfast Foods,Waffles,291,7.9,9.7,43,,
412,Breakfast Foods,French Toast,149,4.7,4,23,,
413,Breakfast Foods,Oatmeal (cooked),71,2.5,1.5,12,,
414,Breakfast Foods,Granola,471,12,20,61,,
415,Breakfast Foods,Cereal (Corn Flakes),357,7.5,0.4,84,,
416,Breakfast Foods,Cereal (Cheerios),367,13,6.7,70,,
417,Breakfast Foods,Muffin (Blueberry),313,5.3,7.4,54,,
418,Breakfast Foods,Bagel with Cream Cheese,289,10,9,43,,
419,Breakfast Foods,Croissant,406,8.2,21,46,,
420,Breakfast Foods,Donut,452,4.9,25,51,,
421,Breakfast Foods,Breakfast Burrito,231,11,11,22,,
422,Breakfast Foods,Egg McMuffin,264,17,12,26,,
423,Desserts,Cakes & Cookies,Chocolate Cake,352,5,14,50,
424,Desserts,Cakes & Cookies,Vanilla Cake,349,4.1,13,56,
425,Desserts,Cakes & Cookies,Carrot Cake,322,3.5,15,45,
426,Desserts,Cakes & Cookies,Cheesecake,321,5.5,23,26,
427,Desserts,Cakes & Cookies,Red Velvet Cake,390,4.7,16,58,
428,Desserts,Cakes & Cookies,Chocolate Chip Cookie,488,5.9,21,68,
429,Desserts,Cakes & Cookies,Oatmeal Cookie,458,6.6,18,68,
430,Desserts,Cakes & Cookies,Sugar Cookie,488,4.8,19,74,
431,Desserts,Cakes & Cookies,Brownie,466,6.3,24,63,
432,Desserts,Cakes & Cookies,Cupcake,305,3.6,11,49,
433,Desserts,Frozen,Vanilla Ice Cream,207,3.5,11,24,
434,Desserts,Frozen,Chocolate Ice Cream,216,3.8,11,28,
435,Desserts,Frozen,Strawberry Ice Cream,192,3.2,8,27,
436,Desserts,Frozen,Frozen Yogurt,127,3.5,4,19,
437,Desserts,Frozen,Gelato,210,4.8,9,29,
438,Desserts,Frozen,Sorbet,130,0.4,0.2,34,
439,Desserts,Frozen,Popsicle,42,0,0,11,
440,Desserts,Pies & Pastries,Apple Pie,237,2,11,34,
441,Desserts,Pies & Pastries,Cherry Pie,260,2.4,11,40,
442,Desserts,Pies & Pastries,Pumpkin Pie,243,4.5,11,32,
443,Desserts,Pies & Pastries,Pecan Pie,503,6,27,64,
444,Desserts,Pies & Pastries,Key Lime Pie,348,4.7,16,47,
445,Desserts,Pies & Pastries,Tiramisu,240,4.4,13,26,
446,Desserts,Pies & Pastries,Éclair,262,6,16,24,
447,Desserts,Pies & Pastries,Cannoli,298,6.7,16,32,
448,Desserts,Pies & Pastries,Baklava,428,5.7,23,51,
449,Desserts,Pies & Pastries,Cinnamon Roll,312,5.5,11,48,
450,Herbs & Spices,Basil (fresh),23,3.2,0.6,2.7,,
451,Herbs & Spices,Parsley (fresh),36,3,0.8,6.3,,
452,Herbs & Spices,Cilantro (fresh),23,2.1,0.5,3.7,,
453,Herbs & Spices,Oregano (dried),265,9,4.3,69,,
454,Herbs & Spices,Thyme (dried),276,9.1,7.4,64,,
455,Herbs & Spices,Rosemary (dried),331,4.9,15,64,,
456,Herbs & Spices,Sage (dried),315,11,13,61,,
457,Herbs & Spices,Black Pepper,251,10,3.3,64,,
458,Herbs & Spices,Paprika,282,14,13,54,,
459,Herbs & Spices,Cumin,375,18,22,44,,
460,Herbs & Spices,Turmeric,354,8,10,65,,
461,Herbs & Spices,Cinnamon,247,4,1.2,81,,
462,Herbs & Spices,Ginger (dried),335,9,4.2,72,,
463,Herbs & Spices,Nutmeg,525,5.8,36,49,,
464,Herbs & Spices,Cloves,274,6,13,65,,
465,Herbs & Spices,Cardamom,311,11,6.7,68,,
466,Herbs & Spices,Cayenne Pepper,318,12,17,56,,
467,Herbs & Spices,Chili Powder,282,13,14,50,,
468,Herbs & Spices,Curry Powder,325,14,14,55,,
469,Herbs & Spices,Bay Leaf,313,7.6,8.4,75,,
470,Processed Meats,Salami,407,23,33,1.2,,
471,Processed Meats,Pepperoni,504,23,44,4,,
472,Processed Meats,Bologna,310,12,28,2.6,,
473,Processed Meats,Hot Dog (Beef),330,11,30,3,,
474,Processed Meats,Bratwurst,297,12,26,3.4,,
475,Processed Meats,Chorizo,455,24,38,2.4,,
476,Processed Meats,Summer Sausage,379,18,33,1.5,,
477,Processed Meats,Pastrami,198,25,10,1.4,,
478,Processed Meats,Corned Beef,251,18,19,0.5,,
479,Processed Meats,Spam,310,13,27,3,,
480,Game Meats,Venison,158,30,3.2,0,,
481,Game Meats,Elk,146,30,1.9,0,,
482,Game Meats,Bison,143,28,2.4,0,,
483,Game Meats,Wild Boar,160,28,4.4,0,,
484,Game Meats,Rabbit,173,33,3.5,0,,
485,Game Meats,Pheasant,144,24,5,0,,
486,Game Meats,Wild Duck,211,24,11,0,,
487,Tofu & Tempeh,Firm Tofu,144,17,9,2.8,,
488,Tofu & Tempeh,Soft Tofu,61,6.9,3.7,1.5,,
489,Tofu & Tempeh,Silken Tofu,55,4.8,2.7,2.3,,
490,Tofu & Tempeh,Tempeh,193,20,11,7.6,,
491,Tofu & Tempeh,Smoked Tofu,157,17,9.4,3,,
492,Mushrooms,Varieties,White Button Mushroom,22,3.1,0.3,3.3,
493,Mushrooms,Varieties,Portobello Mushroom,22,2.1,0.4,3.9,
494,Mushrooms,Varieties,Shiitake Mushroom,34,2.2,0.5,6.8,
495,Mushrooms,Varieties,Oyster Mushroom,33,3.3,0.4,6.1,
496,Mushrooms,Varieties,Cremini Mushroom,22,2.5,0.1,4.3,
497,Mushrooms,Varieties,Chanterelle Mushroom,38,1.5,0.5,6.9,
498,Mushrooms,Varieties,Morel Mushroom,31,3.1,0.6,5.1,
499,Mushrooms,Varieties,Porcini Mushroom,26,3.5,0.3,4.3,
500,Mushrooms,Varieties,Enoki Mushroom,37,2.7,0.3,7.8,
501,Mushrooms,Varieties,Maitake Mushroom,31,1.9,0.2,7,
502,Pickled & Fermented,Pickles (Cucumber),11,0.3,0.2,2.3,,
503,Pickled & Fermented,Sauerkraut,19,0.9,0.1,4.3,,
504,Pickled & Fermented,Kimchi,15,1.1,0.5,2.4,,
505,Pickled & Fermented,Pickled Beets,65,0.8,0.1,16,,
506,Pickled & Fermented,Pickled Jalapeños,27,0.9,0.4,5.9,,
507,Pickled & Fermented,Olives (Green),145,1,15,3.8,,
508,Pickled & Fermented,Olives (Black),115,0.8,11,6.3,,
509,Pickled & Fermented,Capers,23,2.4,0.9,4.9,,
510,Pickled & Fermented,Kombucha,7,0,0,1.8,,
511,Seaweed & Algae,Nori (dried),35,5.8,0.3,5.1,,
512,Seaweed & Algae,Wakame,45,3,0.6,9.1,,
513,Seaweed & Algae,Kelp,43,1.7,0.6,9.6,,
514,Seaweed & Algae,Spirulina (dried),290,57,7.7,24,,
515,Seaweed & Algae,Chlorella (dried),336,58,9,23,,
516,Protein Powders,Whey Protein Isolate,370,90,1,4,,
517,Protein Powders,Whey Protein Concentrate,400,80,5,10,,
518,Protein Powders,Casein Protein,370,78,2,8,,
519,Protein Powders,Soy Protein Isolate,338,88,0.5,0,,
520,Protein Powders,Pea Protein,370,85,6,1,,
521,Protein Powders,Hemp Protein,390,50,11,23,,
522,Protein Powders,Rice Protein,380,80,3,7,,
523,Nutritional Supplements,Collagen Peptides,340,85,0,0,,
524,Nutritional Supplements,Creatine,0,0,0,0,,
525,Nutritional Supplements,BCAAs,0,0,0,0,,
526,Nutritional Supplements,Bone Broth Powder,350,90,2,0,,
527,Baby Food,Baby Rice Cereal,372,7.5,2.5,78,,
528,Baby Food,Baby Oatmeal,371,14,6.5,66,,
529,Baby Food,Pureed Carrots,35,0.6,0.2,8.2,,
530,Baby Food,Pureed Sweet Potato,76,1.2,0.1,18,,
531,Baby Food,Pureed Banana,79,0.8,0.2,20,,
532,Baby Food,Pureed Peas,62,4.2,0.3,11,,
533,Baby Food,Pureed Apple,48,0.2,0.1,13,,
534,Canned Foods,Canned Tuna (in water),116,26,0.8,0,,
535,Canned Foods,Canned Salmon,142,20,6,0,,
536,Canned Foods,Canned Sardines,208,25,11,0,,
537,Canned Foods,Canned Corn,72,2.2,0.9,16,,
538,Canned Foods,Canned Green Beans,20,1.2,0.1,4.7,,
539,Canned Foods,Canned Tomatoes,32,1.6,0.2,7.3,,
540,Canned Foods,Canned Chickpeas,119,6,1.4,20,,
541,Canned Foods,Canned Black Beans,91,6,0.3,16,,
542,Canned Foods,Canned Pumpkin,34,1.1,0.3,8.1,,
543,Canned Foods,Canned Peaches,44,0.6,0.1,11,,
544,Frozen Foods,Frozen Broccoli,34,2.8,0.4,7,,
545,Frozen Foods,Frozen Mixed Vegetables,65,3.3,0.4,13,,
546,Frozen Foods,Frozen Spinach,32,3.8,0.8,3.8,,
547,Frozen Foods,Frozen Peas,77,5.4,0.4,14,,
548,Frozen Foods,Frozen Strawberries,35,0.4,0.2,8.7,,
549,Frozen Foods,Frozen Blueberries,51,0.4,0.5,13,,
550,Frozen Foods,Frozen Mango,60,0.8,0.4,15,,
551,Frozen Foods,Hash Browns,265,2.8,14,33,,
552,Frozen Foods,Frozen Pizza,268,11,11,32,,
553,Dried Fruits,Raisins,299,3.1,0.5,79,,
554,Dried Fruits,Dried Apricots,241,3.4,0.5,63,,
555,Dried Fruits,Prunes,240,2.2,0.4,64,,
556,Dried Fruits,Dried Cranberries,308,0,1.4,83,,
557,Dried Fruits,Dried Mango,319,2.5,1.2,78,,
558,Dried Fruits,Dried Figs,249,3.3,0.9,64,,
559,Dried Fruits,Dates (pitted),277,1.8,0.2,75,,
560,Dried Fruits,Dried Cherries,325,1.5,0.6,83,,
561,Dried Fruits,Dried Blueberries,317,2.3,2.5,80,,
562,Dried Fruits,Banana Chips,519,2.3,34,58,,
563,Nut Butters,Almond Butter,614,21,56,19,,
564,Nut Butters,Cashew Butter,587,18,49,27,,
565,Nut Butters,Sunflower Seed Butter,617,20,53,20,,
566,Nut Butters,Hazelnut Spread,539,6,31,57,,
567,Nut Butters,Tahini,595,17,54,21,,
568,Nut Butters,Pistachio Butter,571,21,46,28,,
569,Specialty Flours,Rice Flour,366,6,1.4,80,,
570,Specialty Flours,Oat Flour,404,15,9,65,,
571,Specialty Flours,Chickpea Flour,387,22,6,58,,
572,Specialty Flours,Quinoa Flour,368,13,6,64,,
573,Specialty Flours,Buckwheat Flour,335,13,3.1,70,,
574,Specialty Flours,Tapioca Flour,349,0.2,0,88,,
575,Specialty Flours,Corn Flour,361,6.9,3.9,76,,
576,Specialty Flours,Sorghum Flour,329,8.4,3.3,72,,
577,International Staples,Couscous (dry),376,13,0.6,77,,
578,International Staples,Polenta (dry),358,7.7,2.4,79,,
579,International Staples,Masa Harina,364,9,4,76,,
580,International Staples,Rice Noodles (dry),364,3.4,0.6,82,,
581,International Staples,Udon Noodles (cooked),99,2.6,0.6,21,,
582,International Staples,Soba Noodles (cooked),99,5.1,0.1,21,,
583,International Staples,Ramen Noodles (dry),436,10,17,61,,
584,International Staples,Panko Breadcrumbs,395,13,2.5,78,,
585,International Staples,Matzo,395,10,1.4,84,,
586,International Staples,Injera,172,6,1,36,,
587,Spice Blends,Italian Seasoning,313,11,8,61,,
588,Spice Blends,Garam Masala,379,14,15,52,,
589,Spice Blends,Five Spice Powder,347,11,12,57,,
590,Spice Blends,Taco Seasoning,306,11,8,52,,
591,Spice Blends,Ranch Seasoning,294,8,4,58,,
592,Spice Blends,Everything Bagel Seasoning,392,14,22,40,,
593,Broths & Stocks,Chicken Broth,15,1.6,0.5,1.1,,
594,Broths & Stocks,Beef Broth,17,2.7,0.5,0.5,,
595,Broths & Stocks,Vegetable Broth,12,0.4,0.2,2,,
596,Broths & Stocks,Fish Stock,16,3,0.2,0,,
597,Broths & Stocks,Bone Broth,31,6,0.5,2,,
598,Broths & Stocks,Dashi,2,0.2,0,0.3,,
599,Meat Alternatives,Beyond Burger,250,20,18,3,,
600,Meat Alternatives,Impossible Burger,240,19,14,9,,
601,Meat Alternatives,Veggie Burger (generic),124,11,4.4,10,,
602,Meat Alternatives,Seitan,370,75,1.9,14,,
603,Meat Alternatives,TVP (Textured Vegetable Protein),315,52,1,31,,
604,Meat Alternatives,Vegan Sausage,191,17,11,7,,
605,Meat Alternatives,Vegan Chicken Nuggets,205,13,10,17,,
606,Ethnic Foods,Indian,Naan Bread,262,8.7,5.4,45,
607,Ethnic Foods,Indian,Roti,297,9,7,51,
608,Ethnic Foods,Indian,Papadum,347,18,3,66,
609,Ethnic Foods,Indian,Samosa,262,4.7,17,23,
610,Ethnic Foods,Indian,Tandoori Chicken,148,21,6,2,
611,Ethnic Foods,Indian,Butter Chicken Sauce,169,2.4,14,9,
612,Ethnic Foods,Indian,Tikka Masala Sauce,147,3.2,11,9,
613,Ethnic Foods,Indian,Chutney (Mango),262,0.5,0.4,68,
614,Ethnic Foods,Indian,Raita,81,3.2,4.8,6.8,
615,Ethnic Foods,Indian,Dal (Lentil Curry),105,7.6,0.4,18,
616,Ethnic Foods,Japanese,Miso Paste,199,12,6,26,
617,Ethnic Foods,Japanese,Ponzu Sauce,40,2,0,8,
618,Ethnic Foods,Japanese,Wasabi Paste,109,2.4,0.6,24,
619,Ethnic Foods,Japanese,Pickled Ginger,51,0.5,0.2,13,
620,Ethnic Foods,Japanese,Tempura Batter,335,7,1,73,
621,Ethnic Foods,Japanese,Panko Crusted Shrimp,224,13,11,18,
622,Ethnic Foods,Japanese,Katsu Sauce,132,1.4,0.3,32,
623,Ethnic Foods,Thai,Thai Curry Paste (Red),143,3,8,15,
624,Ethnic Foods,Thai,Thai Curry Paste (Green),143,3,8,15,
625,Ethnic Foods,Thai,Fish Sauce,35,5.1,0.1,3.5,
626,Ethnic Foods,Thai,Sweet Chili Sauce,198,0.5,0.1,49,
627,Ethnic Foods,Thai,Peanut Sauce,277,9,20,17,
628,Ethnic Foods,Thai,Tom Yum Soup,45,3,1,6,
629,Ethnic Foods,Thai,Green Curry,165,2.5,15,6,
630,Ethnic Foods,Middle Eastern,Falafel,333,13,18,32,
631,Ethnic Foods,Middle Eastern,Tahini Sauce,592,17,54,21,
632,Ethnic Foods,Middle Eastern,Baba Ganoush,111,2.9,8.9,8.2,
633,Ethnic Foods,Middle Eastern,Tabbouleh,36,1.3,0.5,7.6,
634,Ethnic Foods,Middle Eastern,Fattoush,79,2,4,9,
635,Ethnic Foods,Middle Eastern,Za'atar Spice,278,9,13,38,
636,Ethnic Foods,Middle Eastern,Halva,469,12,25,54,
637,Ethnic Foods,Middle Eastern,Labneh,78,5,4.5,5.5,
638,Ethnic Foods,Middle Eastern,Shawarma Spice,306,11,8,52,
639,Ethnic Foods,Mexican,Refried Beans,91,5.5,0.9,15,
640,Ethnic Foods,Mexican,Guacamole,160,2,15,8.5,
641,Ethnic Foods,Mexican,Pico de Gallo,19,0.8,0.1,4.5,
642,Ethnic Foods,Mexican,Mole Sauce,138,2.5,8,15,
643,Ethnic Foods,Mexican,Queso Dip,322,9,28,9,
644,Ethnic Foods,Mexican,Chipotle in Adobo,83,2.6,4.2,10,
645,Ethnic Foods,Mexican,Horchata,90,0.8,2,17,
646,Ethnic Foods,Mexican,Tamales,193,5.7,7.3,26,
647,Ethnic Foods,Mexican,Churros,312,3.7,11,48,
648,Plant,Based Milks,Cashew Milk,25,0.4,2,1,
649,Plant,Based Milks,Rice Milk,47,0.3,1,9.2,
650,Plant,Based Milks,Hemp Milk,60,2,4.7,1.3,
651,Plant,Based Milks,Pea Milk,70,8,4.5,0,
652,Plant,Based Milks,Macadamia Milk,50,1,4.5,1,
653,Vinegars,Apple Cider Vinegar,21,0,0,0.9,,
654,Vinegars,Balsamic Vinegar,88,0.5,0,17,,
655,Vinegars,Red Wine Vinegar,19,0,0,0.3,,
656,Vinegars,White Wine Vinegar,19,0,0,0.3,,
657,Vinegars,Rice Vinegar,18,0.3,0,3.2,,
658,Vinegars,Malt Vinegar,23,0,0,5.4,,
659,Instant Foods,Instant Ramen,436,10,17,61,,
660,Instant Foods,Instant Oatmeal,368,11,6,68,,
661,Instant Foods,Instant Mashed Potatoes,357,8.3,1,78,,
662,Instant Foods,Cup Noodles,448,9,18,62,,
663,Instant Foods,Instant Rice,358,7,0.6,79,,
664,Vegetables,Salad Greens,Iceberg Lettuce,14,0.9,0.1,3,
665,Vegetables,Salad Greens,Butterhead Lettuce,13,1.4,0.2,2.2,
666,Vegetables,Salad Greens,Red Leaf Lettuce,13,1.3,0.2,2.3,
667,Vegetables,Salad Greens,Green Leaf Lettuce,15,1.4,0.2,2.9,
668,Vegetables,Salad Greens,Endive,17,1.3,0.2,3.4,
669,Vegetables,Salad Greens,Radicchio,23,1.4,0.3,4.5,
670,Vegetables,Salad Greens,Frisée,21,1.3,0.5,4,
671,Vegetables,Salad Greens,Mesclun Mix,21,2,0.4,3.6,
672,Fruits,Exotic,Rambutan,68,0.9,0.2,16,
673,Fruits,Exotic,Mangosteen,73,0.4,0.6,18,
674,Fruits,Exotic,Durian,147,1.5,5.3,27,
675,Fruits,Exotic,Longan,60,1.3,0.1,15,
676,Fruits,Exotic,Soursop,66,1,0.3,17,
677,Fruits,Exotic,Cherimoya,75,1.6,0.7,18,
678,Fruits,Exotic,Acerola,32,0.4,0.3,8,
679,Fruits,Exotic,Cactus Pear,41,0.7,0.5,10,
680,Fruits,Exotic,Horned Melon,44,1.8,1.3,7.6,
681,Fruits,Exotic,Miracle Fruit,53,0.8,0.4,13,
682,Grains,Ancient Grains,Amaranth (cooked),102,3.8,1.6,19,
683,Grains,Ancient Grains,Teff (cooked),101,3.9,0.7,20,
684,Grains,Ancient Grains,Freekeh (cooked),114,4.3,0.9,24,
685,Grains,Ancient Grains,Kamut (cooked),146,6.5,1,31,
686,Grains,Ancient Grains,Spelt (cooked),127,5.5,0.9,26,
687,Grains,Ancient Grains,Einkorn (cooked),131,5.6,1.3,27,
688,Grains,Ancient Grains,Sorghum (cooked),123,3.5,1.2,26,
689,Seafood,Exotic Fish,Monkfish,76,14,1.5,0,
690,Seafood,Exotic Fish,Barramundi,113,20,3.4,0,
691,Seafood,Exotic Fish,Branzino,97,18,2,0,
692,Seafood,Exotic Fish,Red Snapper,100,20,1.3,0,
693,Seafood,Exotic Fish,Grouper,92,19,1,0,
694,Seafood,Exotic Fish,Arctic Char,141,20,6.1,0,
695,Seafood,Exotic Fish,Skate,98,21,0.7,0,
696,Seafood,Exotic Fish,Eel,184,18,12,0,
697,Seafood,Exotic Fish,John Dory,96,19,1.2,0,
698,Seafood,Exotic Fish,Turbot,95,16,2.9,0,
699,Dairy,Specialty Yogurt,Icelandic Yogurt,73,11,0.2,5.5,
700,Dairy,Specialty Yogurt,Australian Yogurt,67,3.8,3.5,4.8,
701,Dairy,Specialty Yogurt,Bulgarian Yogurt,61,3.5,3.3,4.7,
702,Dairy,Specialty Yogurt,Coconut Yogurt,90,0.5,5,12,
703,Dairy,Specialty Yogurt,Almond Yogurt,50,1,2.5,7,
704,Dairy,Specialty Yogurt,Cashew Yogurt,67,1.5,3,9,
705,Nuts,Nut Mixes,Trail Mix,462,13,29,45,
706,Nuts,Nut Mixes,Mixed Nuts (roasted),607,20,54,21,
707,Nuts,Nut Mixes,Honey Roasted Peanuts,567,24,42,33,
708,Nuts,Nut Mixes,Candied Pecans,509,5.4,35,49,
709,Nuts,Nut Mixes,Spiced Almonds,598,21,51,20,
710,Nuts,Nut Mixes,Wasabi Peas,432,20,15,56,
711,Prepared Foods,Salads,Caesar Salad,190,7,16,6,
712,Prepared Foods,Salads,Greek Salad,107,4,8,6,
713,Prepared Foods,Salads,Cobb Salad,223,16,15,7,
714,Prepared Foods,Salads,Caprese Salad,168,12,11,5,
715,Prepared Foods,Salads,Niçoise Salad,190,17,11,8,
716,Prepared Foods,Salads,Waldorf Salad,145,1.5,11,11,
717,Prepared Foods,Salads,Potato Salad,143,2.6,8,15,
718,Prepared Foods,Salads,Coleslaw,152,1.2,13,9,
719,Prepared Foods,Salads,Macaroni Salad,180,3.5,11,16,
720,Prepared Foods,Salads,Tuna Salad,187,16,10,9.6,
721,Prepared Foods,Salads,Chicken Salad,201,14,13,7,
722,Prepared Foods,Salads,Egg Salad,192,8,15,6,
723,Breakfast,Cereals,Granola Clusters,489,11,22,64,
724,Breakfast,Cereals,Muesli,347,10,5.6,66,
725,Breakfast,Cereals,Bran Flakes,321,10,2.1,71,
726,Breakfast,Cereals,Wheat Biscuits,342,11,2,75,
727,Breakfast,Cereals,Rice Krispies,387,6.3,0.9,87,
728,Breakfast,Cereals,Special K,379,14,1.5,79,
729,Breakfast,Cereals,Froot Loops,384,4.2,3.3,87,
730,Breakfast,Cereals,Frosted Flakes,375,4.2,0.4,91,
731,Breakfast,Cereals,Lucky Charms,387,5,2.5,85,
732,Breakfast,Cereals,Cinnamon Toast Crunch,417,4.2,8.3,83,
733,Snacks,Bars,Granola Bar,471,9.7,20,64,
734,Snacks,Bars,Protein Bar,360,30,10,40,
735,Snacks,Bars,Energy Bar,452,8,18,65,
736,Snacks,Bars,Cereal Bar,387,4.5,7,77,
737,Snacks,Bars,Nut Bar,497,15,28,49,
738,Snacks,Bars,Fruit Bar,345,2,5,75,
739,Snacks,Bars,Meal Replacement Bar,378,20,15,38,
740,Desserts,Candy,M&Ms,492,4.9,21,70,
741,Desserts,Candy,Skittles,405,0,4.4,91,
742,Desserts,Candy,Starburst,408,0,8.3,83,
743,Desserts,Candy,Twizzlers,329,3.8,0.5,79,
744,Desserts,Candy,Snickers Bar,488,9.3,24,61,
745,Desserts,Candy,Kit Kat,518,7,26,65,
746,Desserts,Candy,Reese's Peanut Butter Cups,515,10,29,57,
747,Desserts,Candy,Milky Way,456,4.7,17,73,
748,Desserts,Candy,Hershey's Bar,535,7.7,30,59,
749,Desserts,Candy,Butterfinger,470,5.9,21,67,
750,Desserts,Candy,Almond Joy,479,4.5,25,61,
751,Desserts,Candy,Mounds,456,2.4,24,63,
752,Desserts,Candy,PayDay,465,11,23,56,
753,Desserts,Candy,Junior Mints,411,1.4,8.2,83,
754,Desserts,Candy,Tootsie Roll,387,1.9,4.6,85,
755,Vegetables,Sprouts,Bean Sprouts,30,3,0.2,6,
756,Vegetables,Sprouts,Alfalfa Sprouts,23,4,0.7,2.1,
757,Vegetables,Sprouts,Broccoli Sprouts,35,3.5,0.5,5.5,
758,Vegetables,Sprouts,Sunflower Sprouts,67,5.8,1.4,11,
759,Vegetables,Sprouts,Radish Sprouts,43,3.8,2.5,3.6,
760,Vegetables,Sprouts,Mung Bean Sprouts,30,3.2,0.2,5.9,
761,Grains,Specialty Rice,Red Rice (cooked),111,2.3,0.8,24,
762,Grains,Specialty Rice,Purple Rice (cooked),356,8.9,3.5,75,
763,Grains,Specialty Rice,Forbidden Rice (cooked),160,4,1.8,34,
764,Grains,Specialty Rice,Bamboo Rice (cooked),130,2.8,0.4,28,
765,Grains,Specialty Rice,Wehani Rice (cooked),108,2.3,0.8,23,
766,Grains,Specialty Rice,Bhutanese Red Rice (cooked),113,2.5,0.9,24,
767,Condiments,International,Gochujang,244,5.5,2.5,51,
768,Condiments,International,Hoisin Sauce,220,2.2,4.1,45,
769,Condiments,International,Oyster Sauce,51,1.2,0.2,11,
770,Condiments,International,Tamarind Paste,239,2.8,0.6,63,
771,Condiments,International,Sambal Oelek,36,1.5,0.2,8,
772,Condiments,International,Harissa,70,2.9,3.7,7.9,
773,Condiments,International,Chimichurri,158,1,16,3.5,
774,Condiments,International,Tzatziki,54,2.5,4,3.5,
775,Condiments,International,Aioli,769,1.2,84,1.8,
776,Condiments,International,Romesco Sauce,145,2.5,12,7,
777,Meat,Organ Meats,Chicken Heart,153,15,10,0.7,
778,Meat,Organ Meats,Chicken Gizzard,94,18,2.1,0,
779,Meat,Organ Meats,Beef Tongue,224,16,17,3.7,
780,Meat,Organ Meats,Beef Kidney,99,17,3.1,0,
781,Meat,Organ Meats,Beef Tripe,85,12,3.7,0,
782,Meat,Organ Meats,Beef Heart,112,17,3.9,0.1,
783,Meat,Organ Meats,Pork Liver,134,21,3.8,2.5,
784,Meat,Organ Meats,Sweetbreads,131,13,8.2,0,
785,Seafood,Caviar & Roe,Black Caviar,264,25,18,4,
786,Seafood,Caviar & Roe,Red Caviar,252,25,18,4,
787,Seafood,Caviar & Roe,Tobiko,72,11,3,1.5,
788,Seafood,Caviar & Roe,Masago,40,6,1.4,0.6,
789,Seafood,Caviar & Roe,Bottarga,373,41,23,0,
790,Dairy,Butter Varieties,Salted Butter,717,0.9,81,0.1,
791,Dairy,Butter Varieties,Cultured Butter,717,0.9,81,0.1,
792,Dairy,Butter Varieties,European Butter,717,0.6,82,0.6,
793,Dairy,Butter Varieties,Clarified Butter,876,0,99,0,
794,Dairy,Butter Varieties,Whipped Butter,542,0.7,61,0.1,
795,Dairy,Butter Varieties,Vegan Butter,717,0,80,1,
796,Dried Fruits,Berries,Dried Strawberries,286,1.4,0.4,74,
797,Dried Fruits,Berries,Dried Raspberries,325,5.5,2.6,74,
798,Dried Fruits,Berries,Dried Mulberries,339,11,1.4,77,
799,Dried Fruits,Berries,Goji Berries (dried),349,14,0.4,77,
800,Dried Fruits,Berries,Golden Berries,272,8,1.4,62,
801,Legumes,Specialty Beans,Fava Beans (cooked),110,7.6,0.4,20,
802,Legumes,Specialty Beans,Lupin Beans (cooked),116,12,2.9,10,
803,Legumes,Specialty Beans,Cranberry Beans (cooked),124,8.7,0.4,22,
804,Legumes,Specialty Beans,Flageolet Beans (cooked),108,7.2,0.5,19,
805,Legumes,Specialty Beans,Anasazi Beans (cooked),115,8.1,0.4,21,
806,Legumes,Specialty Beans,Borlotti Beans (cooked),127,8.7,0.5,23,
807,Prepared Foods,Ethnic Dishes,Biryani,163,5.3,5.5,23,
808,Prepared Foods,Ethnic Dishes,Paella,139,7.8,4.2,17,
809,Prepared Foods,Ethnic Dishes,Jambalaya,144,7.5,4.8,18,
810,Prepared Foods,Ethnic Dishes,Gumbo,82,6.3,3.2,8.4,
811,Prepared Foods,Ethnic Dishes,Moussaka,154,7.8,9.3,11,
812,Prepared Foods,Ethnic Dishes,Shepherd's Pie,119,7.3,5.8,10,
813,Prepared Foods,Ethnic Dishes,Beef Stroganoff,169,11,10,9,
814,Prepared Foods,Ethnic Dishes,Chicken Tikka,148,21,6,2,
815,Prepared Foods,Ethnic Dishes,Shawarma,175,15,9,8,
816,Prepared Foods,Ethnic Dishes,Gyros,209,11,12,16,
817,Prepared Foods,Ethnic Dishes,Kebab,183,17,11,4,
818,Prepared Foods,Ethnic Dishes,Souvlaki,194,18,10,6,
819,Soups,International,Ramen (Tonkotsu),139,8.3,5.4,14,
820,Soups,International,Tom Kha Gai,97,5.1,6.8,5.3,
821,Soups,International,Borscht,43,1.3,2.1,5.8,
822,Soups,International,Gazpacho,46,1.1,2.3,6.5,
823,Soups,International,Mulligatawny,73,2.8,3.2,9.4,
824,Soups,International,Won Ton Soup,71,5.2,2.8,7.9,
825,Soups,International,Hot and Sour Soup,45,2.9,1.8,5.4,
826,Soups,International,Egg Drop Soup,65,4.5,3.2,5.1,
827,Soups,International,Matzo Ball Soup,56,3.2,2.1,6.7,
828,Soups,International,Scotch Broth,68,4.5,2.3,7.8,
829,Beverages,Smoothies,Berry Smoothie,63,1.1,0.4,15,
830,Beverages,Smoothies,Green Smoothie,47,1.8,0.3,11,
831,Beverages,Smoothies,Mango Smoothie,66,0.9,0.4,16,
832,Beverages,Smoothies,Protein Smoothie,112,12,2.1,13,
833,Beverages,Smoothies,Tropical Smoothie,71,0.8,0.3,17,
834,Beverages,Smoothies,Acai Smoothie,88,1.4,3.8,14,
835,Beverages,Plant Milks,Quinoa Milk,67,1,1.5,12,
836,Beverages,Plant Milks,Flax Milk,25,0,2.5,1,
837,Beverages,Plant Milks,Hazelnut Milk,62,1.2,5,5,
838,Beverages,Plant Milks,Walnut Milk,40,1,3.5,1,
839,Beverages,Plant Milks,Tiger Nut Milk,87,1,4.5,12,
840,Baking,Specialty,Psyllium Husk,42,0.6,0.6,88,
841,Baking,Specialty,Xanthan Gum,333,0,0,83,
842,Baking,Specialty,Agar Agar,26,0.5,0,7,
843,Baking,Specialty,Gelatin,335,86,0.1,0,
844,Baking,Specialty,Cream of Tartar,258,0,0,62,
845,Baking,Specialty,Cornstarch,381,0.3,0.1,91,
846,Baking,Specialty,Arrowroot Powder,357,0.3,0.1,88,
847,Baking,Specialty,Potato Starch,333,0.1,0.1,83,
848,Baking,Specialty,Tapioca Starch,349,0.2,0,88,
849,Oils,Specialty,Grapeseed Oil,884,0,100,0,
850,Oils,Specialty,Walnut Oil,884,0,100,0,
851,Oils,Specialty,Flaxseed Oil,884,0,100,0,
852,Oils,Specialty,Hemp Oil,884,0,100,0,
853,Oils,Specialty,Macadamia Oil,884,0,100,0,
854,Oils,Specialty,Almond Oil,884,0,100,0,
855,Oils,Specialty,Hazelnut Oil,884,0,100,0,
856,Oils,Specialty,Pumpkin Seed Oil,884,0,100,0,
857,Oils,Specialty,Safflower Oil,884,0,100,0,
858,Oils,Specialty,Corn Oil,884,0,100,0,
859,Oils,Specialty,Cottonseed Oil,884,0,100,0,
860,Snacks,Healthy,Kale Chips,515,17,33,47,
861,Snacks,Healthy,Seaweed Snacks,35,5.8,0.3,5.1,
862,Snacks,Healthy,Chickpea Snacks,387,22,6,58,
863,Snacks,Healthy,Edamame (dry roasted),436,38,18,30,
864,Snacks,Healthy,Roasted Pumpkin Seeds,446,19,19,54,
865,Snacks,Healthy,Roasted Chickpeas,364,19,6,61,
866,Snacks,Healthy,Beef Jerky,410,33,25,11,
867,Snacks,Healthy,Turkey Jerky,392,35,23,8,
868,Snacks,Healthy,Salmon Jerky,387,44,20,4,
869,Snacks,Healthy,Biltong,392,67,13,2.6,
870,Prepared Foods,Dips,Spinach Artichoke Dip,135,3.8,11,5.7,
871,Prepared Foods,Dips,Buffalo Chicken Dip,189,9.4,14,5.6,
872,Prepared Foods,Dips,French Onion Dip,300,2.1,30,6.4,
873,Prepared Foods,Dips,Bean Dip,106,5.9,3.2,14,
874,Prepared Foods,Dips,Queso Blanco,322,9,28,9,
875,Prepared Foods,Dips,Artichoke Dip,127,2.9,11,4.8,
876,Prepared Foods,Dips,Crab Dip,178,7.3,15,3.2,
877,Prepared Foods,Dips,Taco Dip,147,5.8,11,7.3,
878,Vegetables,Microgreens,Pea Shoots,35,5.8,0.4,4,
879,Vegetables,Microgreens,Radish Microgreens,43,3.8,2.5,3.6,
880,Vegetables,Microgreens,Broccoli Microgreens,35,3.5,0.5,5.5,
881,Vegetables,Microgreens,Sunflower Microgreens,67,5.8,1.4,11,
882,Vegetables,Microgreens,Arugula Microgreens,28,2.8,0.7,3.9,
883,Vegetables,Microgreens,Kale Microgreens,37,3.1,1.6,4.6,
884,Breakfast Foods,Scone,364,6.7,16,49,,
885,Breakfast Foods,Biscuit,353,7.3,16,45,,
886,Breakfast Foods,English Muffin,234,7.6,2,46,,
887,Breakfast Foods,Crumpet,199,5.5,0.9,40,,
888,Breakfast Foods,Streusel,391,4.6,15,60,,
889,Breakfast Foods,Coffee Cake,363,4.8,15,53,,
890,Breakfast Foods,Sticky Bun,388,5.3,16,57,,
891,Breakfast Foods,Bear Claw,381,5.9,17,51,,
892,Breakfast Foods,Danish Pastry,371,6.5,16,51,,
893,Breakfast Foods,Turnover,297,3.8,13,42,,
894,Breakfast Foods,Pop Tart,403,4.2,11,71,,
895,Breakfast Foods,Toaster Strudel,329,4.1,13,50,,
896,Breakfast Foods,Breakfast Sandwich,272,13,14,22,,
897,Breakfast Foods,Sausage Biscuit,395,13,26,26,,
898,Vegetables,Asian,Daikon Radish,18,0.6,0.1,4.1,
899,Vegetables,Asian,Chinese Cabbage,16,1.2,0.2,3.2,
900,Vegetables,Asian,Napa Cabbage,16,1.2,0.2,3.2,
901,Vegetables,Asian,Yu Choy,22,2.5,0.3,3.8,
902,Vegetables,Asian,Gai Lan,22,1.1,0.7,4.2,
903,Vegetables,Asian,Tatsoi,13,1.5,0.2,2.2,
904,Vegetables,Asian,Mizuna,21,2.2,0.2,3.9,
905,Vegetables,Asian,Choy Sum,21,1.7,0.2,4.2,
906,Vegetables,Asian,Chinese Broccoli,19,1.1,0.6,3.8,
907,Vegetables,Asian,Lotus Root,74,2.6,0.1,17,
908,Vegetables,Asian,Taro Root,112,1.5,0.1,27,
909,Vegetables,Asian,Water Spinach,19,2.6,0.2,3.1,
910,Vegetables,Asian,Winter Melon,13,0.4,0.2,3,
911,Vegetables,Asian,Bitter Melon,17,1,0.2,3.7,
912,Vegetables,Asian,Long Beans,47,3,0.4,8,
913,Processed Meats,Liverwurst,326,14,29,2.2,,
914,Processed Meats,Blood Sausage,379,15,35,1,,
915,Processed Meats,Andouille Sausage,304,16,25,3.5,,
916,Processed Meats,Italian Sausage,346,13,32,1.2,,
917,Processed Meats,Kielbasa,301,12,27,2.8,,
918,Processed Meats,Mortadella,311,15,26,2.4,,
919,Processed Meats,Capicola,211,23,13,0,,
920,Processed Meats,Soppressata,460,23,41,0,,
921,Processed Meats,Serrano Ham,241,30,13,0,,
922,Processed Meats,Pancetta,458,21,40,0.8,,
923,Processed Meats,Guanciale,655,9.5,69,0,,
924,Processed Meats,Nduja,440,18,42,0.5,,
925,Dairy,International Cheese,Manchego,392,26,32,0.5,
926,Dairy,International Cheese,Gruyère,413,30,32,0.4,
927,Dairy,International Cheese,Emmental,382,29,28,3.4,
928,Dairy,International Cheese,Jarlsberg,357,27,27,0,
929,Dairy,International Cheese,Comté,409,27,33,0.5,
930,Dairy,International Cheese,Raclette,360,27,27,0.5,
931,Dairy,International Cheese,Fontina,389,26,31,1.6,
932,Dairy,International Cheese,Asiago,392,30,30,3.9,
933,Dairy,International Cheese,Pecorino Romano,387,26,27,3.6,
934,Dairy,International Cheese,Gorgonzola,353,21,29,2.3,
935,Dairy,International Cheese,Roquefort,369,22,31,2,
936,Dairy,International Cheese,Stilton,393,23,33,0.1,
937,Dairy,International Cheese,Camembert,300,20,24,0.5,
938,Dairy,International Cheese,Havarti,371,24,30,0,
939,Dairy,International Cheese,Muenster,368,24,30,1.1,
940,Dairy,International Cheese,Port Salut,352,24,28,0.6,
941,Dairy,International Cheese,Halloumi,321,22,25,2,
942,Dairy,International Cheese,Paneer,265,18,20,3.6,
943,Dairy,International Cheese,Queso Fresco,321,21,25,4.1,
944,Dairy,International Cheese,Cotija,394,28,31,3.6,
945,Fruits,Stone Fruits,Mirabelle Plum,46,0.7,0.3,11,
946,Fruits,Stone Fruits,Damson Plum,46,0.7,0.3,11,
947,Fruits,Stone Fruits,Italian Plum,46,0.7,0.3,11,
948,Fruits,Stone Fruits,Black Cherry,63,1.1,0.2,16,
949,Fruits,Stone Fruits,Rainier Cherry,63,1.1,0.2,16,
950,Fruits,Stone Fruits,Bing Cherry,63,1.1,0.2,16,
951,Grains,Gluten Free,Sorghum Flour (dry),329,8.4,3.3,72,
952,Grains,Gluten Free,Millet Flour (dry),378,11,4.2,73,
953,Grains,Gluten Free,Teff Flour (dry),367,13,2.4,73,
954,Grains,Gluten Free,Amaranth Flour (dry),371,14,7,65,
955,Grains,Gluten Free,Cassava Flour,330,1.5,0.2,80,
956,Grains,Gluten Free,Tigernut Flour,463,7,25,52,
957,Seafood,Smoked,Smoked Salmon,117,18,4.3,0,
958,Seafood,Smoked,Smoked Trout,132,19,5.9,0,
959,Seafood,Smoked,Smoked Mackerel,305,19,25,0,
960,Seafood,Smoked,Smoked Haddock,101,23,0.9,0,
961,Seafood,Smoked,Smoked Herring,217,25,12,0,
962,Seafood,Smoked,Smoked Eel,233,19,17,0,
963,Condiments,Mustards,Dijon Mustard,66,4.4,3.3,6.4,
964,Condiments,Mustards,Whole Grain Mustard,140,7,6,14,
965,Condiments,Mustards,Yellow Mustard,60,3.7,3.3,5.3,
966,Condiments,Mustards,Spicy Brown Mustard,74,4.7,4.4,6.8,
967,Condiments,Mustards,Honey Mustard,184,1.2,8.5,27,
968,Condiments,Mustards,Beer Mustard,74,4.7,4.4,6.8,
969,Prepared Foods,Wraps,Chicken Wrap,205,12,8,22,
970,Prepared Foods,Wraps,Veggie Wrap,183,7,6,26,
971,Prepared Foods,Wraps,Falafel Wrap,267,11,11,33,
972,Prepared Foods,Wraps,Gyro Wrap,238,12,13,20,
973,Prepared Foods,Wraps,Burrito Wrap,216,10,8,28,
974,Prepared Foods,Wraps,Caesar Wrap,223,9,13,18,
975,Soups,Creamy,Cream of Mushroom,97,2.2,6.7,7.5,
976,Soups,Creamy,Cream of Chicken,117,3.9,7.4,9.3,
977,Soups,Creamy,Cream of Celery,90,1.8,5.6,8.8,
978,Soups,Creamy,Cream of Potato,74,1.8,2.5,11,
979,Soups,Creamy,Cream of Asparagus,85,2.3,4.2,9.6,
980,Soups,Creamy,Lobster Bisque,141,4.9,9.3,10,
981,Soups,Creamy,She,Crab Soup,169,5.9,11,11
982,Soups,Creamy,Corn Chowder,110,3.4,5.3,13,
983,Soups,Creamy,Seafood Chowder,134,7.8,6.9,11,
984,Desserts,Puddings,Chocolate Pudding,155,3.1,5,26,
985,Desserts,Puddings,Vanilla Pudding,140,2.8,3.5,26,
986,Desserts,Puddings,Rice Pudding,97,3.1,2.3,17,
987,Desserts,Puddings,Bread Pudding,153,4.6,4.7,24,
988,Desserts,Puddings,Tapioca Pudding,134,2.3,3,24,
989,Desserts,Puddings,Butterscotch Pudding,158,2.6,4.1,28,
990,Desserts,Puddings,Crème Brûlée,260,4.9,17,22,
991,Desserts,Puddings,Panna Cotta,226,3.2,18,14,
992,Desserts,Puddings,Flan,138,4.2,4.3,20,
993,Desserts,Puddings,Mousse,254,3.8,19,18,
994,Beverages,Hot Drinks,Hot Chocolate,77,3.4,2.3,11,
995,Beverages,Hot Drinks,White Hot Chocolate,135,3,5.5,19,
996,Beverages,Hot Drinks,Mocha,175,9,5,25,
997,Beverages,Hot Drinks,Cappuccino,46,2.4,1.8,5.8,
998,Beverages,Hot Drinks,Latte,54,2.9,2,6.5,
999,Beverages,Hot Drinks,Americano,3,0.3,0,0.5,
1000,Beverages,Hot Drinks,Macchiato,13,0.7,0.5,1.6,
1001,Beverages,Hot Drinks,Flat White,56,3,2.1,6.7,
1002,Beverages,Hot Drinks,Cortado,28,1.5,1.1,3.4,
1003,Beverages,Hot Drinks,Café au Lait,37,2,1.4,4.4,
1004,Snacks,Asian,Rice Crackers,380,9.1,1.2,83,
1005,Snacks,Asian,Shrimp Chips,517,4.7,28,60,
1006,Snacks,Asian,Wasabi Peas,432,20,15,56,
1007,Snacks,Asian,Dried Squid,312,62,3.7,6.5,
1008,Snacks,Asian,Pork Rinds,544,61,31,0,
1009,Snacks,Asian,Nori Strips,35,5.8,0.3,5.1,
1010,Nuts,Flavored,BBQ Almonds,607,21,52,22,
1011,Nuts,Flavored,Sriracha Cashews,567,18,45,31,
1012,Nuts,Flavored,Maple Pecans,710,8.9,74,15,
1013,Nuts,Flavored,Sea Salt Pistachios,562,20,45,28,
1014,Nuts,Flavored,Cinnamon Almonds,597,21,51,23,
1015,Nuts,Flavored,Chili Lime Peanuts,585,26,50,17,
1016,Prepared Foods,Casseroles,Tuna Casserole,104,7.8,3.2,11,
1017,Prepared Foods,Casseroles,Green Bean Casserole,105,2.4,6.8,9.8,
1018,Prepared Foods,Casseroles,Chicken and Rice,145,10,4.8,16,
1019,Prepared Foods,Casseroles,Tater Tot Casserole,161,7.4,9.2,13,
1020,Prepared Foods,Casseroles,Broccoli Rice Casserole,118,4.7,5.3,13,
1021,Prepared Foods,Casseroles,King Ranch Chicken,178,11,10,11,
1022,Vegetables,Heirloom,Heirloom Tomato,18,0.9,0.2,3.9,
1023,Vegetables,Heirloom,Purple Carrot,41,0.9,0.2,10,
1024,Vegetables,Heirloom,Rainbow Carrot,41,0.9,0.2,10,
1025,Vegetables,Heirloom,Yellow Beet,43,1.6,0.2,10,
1026,Vegetables,Heirloom,Chioggia Beet,43,1.6,0.2,10,
1027,Vegetables,Heirloom,Purple Potato,77,2,0.1,17,
1028,Vegetables,Heirloom,Blue Potato,77,2,0.1,17,
1029,Vegetables,Heirloom,Fingerling Potato,77,2,0.1,17,
1030,Condiments,Asian Sauces,Black Bean Sauce,65,3.2,0.7,13,
1031,Condiments,Asian Sauces,XO Sauce,198,8.7,15,8.4,
1032,Condiments,Asian Sauces,Chili Oil,884,0,100,0,
1033,Condiments,Asian Sauces,Sesame Oil (toasted),884,0,100,0,
1034,Condiments,Asian Sauces,Oyster Sauce,51,1.2,0.2,11,
1035,Condiments,Asian Sauces,Plum Sauce,229,0.4,0.2,58,
1036,Condiments,Asian Sauces,Sweet and Sour Sauce,165,0.2,0.1,42,
1037,Condiments,Asian Sauces,Duck Sauce,181,0.2,0.1,46,
1038,International Foods,Pierogi,166,4.9,3.8,28,,
1039,International Foods,Gnocchi,159,3.5,0.3,33,,
1040,International Foods,Spätzle,133,4.2,1.4,25,,
1041,International Foods,Haggis,310,10,22,19,,
1042,International Foods,Boudin,258,11,20,9,,
1043,International Foods,Scrapple,213,8.1,14,14,,
1044,International Foods,Black Pudding,297,13,22,15,,
1045,International Foods,White Pudding,450,7.5,39,21,,
1046,International Foods,Haluski,158,4.3,6.2,21,,
1047,International Foods,Knödel,189,5.8,4.1,32,,